{
  "buildCommand": "npm run build",
  "outputDirectory": "dist/public",
  "devCommand": "npm run dev",
  "installCommand": "npm install --legacy-peer-deps",
  "framework": "vite",
  "rewrites": [
    {
      "source": "/contactos",
      "destination": "/contactos.html"
    },
    {
      "source": "/blog/como-instalar-candeeiro-teto-seguranca",
      "destination": "/blog/como-instalar-candeeiro-teto-seguranca.html"
    },
    {
      "source": "/blog/poupar-energia-eletrica-dicas",
      "destination": "/blog/poupar-energia-eletrica-dicas.html"
    },
    {
      "source": "/blog/quando-trocar-instalacao-eletrica",
      "destination": "/blog/quando-trocar-instalacao-eletrica.html"
    },
    {
      "source": "/blog/sinais-problemas-eletricos-casa",
      "destination": "/blog/sinais-problemas-eletricos-casa.html"
    },
    {
      "source": "/blog/quadro-eletrico-antigo-fusiveis-trocar",
      "destination": "/blog/quadro-eletrico-antigo-fusiveis-trocar.html"
    },
    {
      "source": "/blog/certificacao-eletrica-certiel-guia",
      "destination": "/blog/certificacao-eletrica-certiel-guia.html"
    },
    {
      "source": "/blog/electricista-urgente-24-horas-braganca",
      "destination": "/blog/eletricista-urgente-24-horas-braganca.html"
    },
    {
      "source": "/blog/quanto-custa-instalacao-eletrica-completa",
      "destination": "/blog/quanto-custa-instalacao-eletrica-completa.html"
    },
    {
      "source": "/blog/blog-problemas-eletricos-inverno",
      "destination": "/blog/blog-problemas-eletricos-inverno.html"
    },
    {
      "source": "/electricista-torre-moncorvo",
      "destination": "/eletricista-torre-moncorvo.html"
    },
    {
      "source": "/electricista-chaves",
      "destination": "/eletricista-chaves.html"
    },
    {
      "source": "/electricista-braganca",
      "destination": "/eletricista-braganca.html"
    },
    {
      "source": "/electricista-vinhais",
      "destination": "/eletricista-vinhais.html"
    },
    {
      "source": "/electricista-vila-real",
      "destination": "/eletricista-vila-real.html"
    },
    {
      "source": "/electricista-macedo-cavaleiros",
      "destination": "/eletricista-macedo-cavaleiros.html"
    },
    {
      "source": "/electricista-mirandela",
      "destination": "/eletricista-mirandela.html"
    },
    {
      "source": "/electricista-mogadouro",
      "destination": "/eletricista-mogadouro.html"
    },
    {
      "source": "/electricista-urgente-braganca",
      "destination": "/eletricista-urgente-braganca.html"
    },
    {
      "source": "/electricista-urgente-mirandela",
      "destination": "/eletricista-urgente-mirandela.html"
    },
    {
      "source": "/electricista-urgente-macedo",
      "destination": "/eletricista-urgente-macedo.html"
    },
    {
      "source": "/eletricista-miranda-douro",
      "destination": "/eletricista-miranda-douro.html"
    },
    {
      "source": "/eletricista-freixo-espada-cinta",
      "destination": "/eletricista-freixo-espada-cinta.html"
    },
    {
      "source": "/eletricista-vila-real",
      "destination": "/eletricista-vila-real.html"
    },
    {
      "source": "/eletricista-braganca",
      "destination": "/eletricista-braganca.html"
    },
    {
      "source": "/eletricista-chaves",
      "destination": "/eletricista-chaves.html"
    },
    {
      "source": "/eletricista-mirandela",
      "destination": "/eletricista-mirandela.html"
    },
    {
      "source": "/eletricista-macedo-cavaleiros",
      "destination": "/eletricista-macedo-cavaleiros.html"
    },
    {
      "source": "/eletricista-vinhais",
      "destination": "/eletricista-vinhais.html"
    },
    {
      "source": "/eletricista-mogadouro",
      "destination": "/eletricista-mogadouro.html"
    },
    {
      "source": "/eletricista-torre-moncorvo",
      "destination": "/eletricista-torre-moncorvo.html"
    },
    {
      "source": "/eletricista-valpacos",
      "destination": "/eletricista-valpacos.html"
    },
    {
      "source": "/eletricista-alfandega-da-fe",
      "destination": "/eletricista-alfandega-da-fe.html"
    },
    {
      "source": "/eletricista-vila-flor",
      "destination": "/eletricista-vila-flor.html"
    },
    {
      "source": "/eletricista-carrazeda-de-ansiaes",
      "destination": "/eletricista-carrazeda-de-ansiaes.html"
    },
    {
      "source": "/eletricista-vimioso",
      "destination": "/eletricista-vimioso.html"
    },
    {
      "source": "/eletricista-montalegre",
      "destination": "/eletricista-montalegre.html"
    },
    {
      "source": "/eletricista-boticas",
      "destination": "/eletricista-boticas.html"
    },
    {
      "source": "/eletricista-murca",
      "destination": "/eletricista-murca.html"
    },
    {
      "source": "/eletricista-alijo",
      "destination": "/eletricista-alijo.html"
    },
    {
      "source": "/eletricista-sabrosa",
      "destination": "/eletricista-sabrosa.html"
    },
    {
      "source": "/eletricista-vila-pouca-de-aguiar",
      "destination": "/eletricista-vila-pouca-de-aguiar.html"
    },
    {
      "source": "/eletricista-ribeira-de-pena",
      "destination": "/eletricista-ribeira-de-pena.html"
    },
    {
      "source": "/eletricista-mondim-de-basto",
      "destination": "/eletricista-mondim-de-basto.html"
    },
    {
      "source": "/eletricista-peso-da-regua",
      "destination": "/eletricista-peso-da-regua.html"
    },
    {
      "source": "/eletricista-lamego",
      "destination": "/eletricista-lamego.html"
    },
    {
      "source": "/eletricista-moimenta-da-beira",
      "destination": "/eletricista-moimenta-da-beira.html"
    },
    {
      "source": "/eletricista-vila-nova-foz-coa",
      "destination": "/eletricista-vila-nova-foz-coa.html"
    },
    {
      "source": "/eletricista-sernancelhe",
      "destination": "/eletricista-sernancelhe.html"
    },
    {
      "source": "/eletricista-penedono",
      "destination": "/eletricista-penedono.html"
    },
    {
      "source": "/eletricista-sao-joao-da-pesqueira",
      "destination": "/eletricista-sao-joao-da-pesqueira.html"
    },
    {
      "source": "/eletricista-tabuaco",
      "destination": "/eletricista-tabuaco.html"
    },
    {
      "source": "/eletricista-armamar",
      "destination": "/eletricista-armamar.html"
    },
    {
      "source": "/eletricista-santa-marta-de-penaguiao",
      "destination": "/eletricista-santa-marta-de-penaguiao.html"
    },
    {
      "source": "/eletricista-mesao-frio",
      "destination": "/eletricista-mesao-frio.html"
    },
    {
      "source": "/electricista-valpacos",
      "destination": "/eletricista-valpacos.html"
    },
    {
      "source": "/electricista-alfandega-da-fe",
      "destination": "/eletricista-alfandega-da-fe.html"
    },
    {
      "source": "/electricista-vila-flor",
      "destination": "/eletricista-vila-flor.html"
    },
    {
      "source": "/electricista-carrazeda-de-ansiaes",
      "destination": "/eletricista-carrazeda-de-ansiaes.html"
    },
    {
      "source": "/electricista-vimioso",
      "destination": "/eletricista-vimioso.html"
    },
    {
      "source": "/electricista-montalegre",
      "destination": "/eletricista-montalegre.html"
    },
    {
      "source": "/electricista-boticas",
      "destination": "/eletricista-boticas.html"
    },
    {
      "source": "/electricista-murca",
      "destination": "/eletricista-murca.html"
    },
    {
      "source": "/electricista-alijo",
      "destination": "/eletricista-alijo.html"
    },
    {
      "source": "/electricista-sabrosa",
      "destination": "/eletricista-sabrosa.html"
    },
    {
      "source": "/electricista-vila-pouca-de-aguiar",
      "destination": "/eletricista-vila-pouca-de-aguiar.html"
    },
    {
      "source": "/electricista-ribeira-de-pena",
      "destination": "/eletricista-ribeira-de-pena.html"
    },
    {
      "source": "/electricista-mondim-de-basto",
      "destination": "/eletricista-mondim-de-basto.html"
    },
    {
      "source": "/electricista-peso-da-regua",
      "destination": "/eletricista-peso-da-regua.html"
    },
    {
      "source": "/electricista-lamego",
      "destination": "/eletricista-lamego.html"
    },
    {
      "source": "/electricista-moimenta-da-beira",
      "destination": "/eletricista-moimenta-da-beira.html"
    },
    {
      "source": "/electricista-vila-nova-foz-coa",
      "destination": "/eletricista-vila-nova-foz-coa.html"
    },
    {
      "source": "/electricista-sernancelhe",
      "destination": "/eletricista-sernancelhe.html"
    },
    {
      "source": "/electricista-penedono",
      "destination": "/eletricista-penedono.html"
    },
    {
      "source": "/electricista-sao-joao-da-pesqueira",
      "destination": "/eletricista-sao-joao-da-pesqueira.html"
    },
    {
      "source": "/electricista-tabuaco",
      "destination": "/eletricista-tabuaco.html"
    },
    {
      "source": "/electricista-armamar",
      "destination": "/eletricista-armamar.html"
    },
    {
      "source": "/electricista-santa-marta-de-penaguiao",
      "destination": "/eletricista-santa-marta-de-penaguiao.html"
    },
    {
      "source": "/electricista-mesao-frio",
      "destination": "/eletricista-mesao-frio.html"
    },
    {
      "source": "/faq",
      "destination": "/faq.html"
    },
    {
      "source": "/zonas",
      "destination": "/zonas.html"
    },
    {
      "source": "/blog/como-escolher-eletricista-certificado",
      "destination": "/blog/como-escolher-eletricista-certificado.html"
    },
    {
      "source": "/blog/custo-eletricista-tras-os-montes-precos",
      "destination": "/blog/custo-eletricista-tras-os-montes-precos.html"
    },
    {
      "source": "/blog/paineis-solares-tras-os-montes-guia",
      "destination": "/blog/paineis-solares-tras-os-montes-guia.html"
    },
    {
      "source": "/blog/automacao-residencial-casa-inteligente",
      "destination": "/blog/automacao-residencial-casa-inteligente.html"
    },
    {
      "source": "/blog/protecao-sobrecargas-eletricas-casa",
      "destination": "/blog/protecao-sobrecargas-eletricas-casa.html"
    },
    {
      "source": "/blog/iluminacao-exterior-jardim-guia",
      "destination": "/blog/iluminacao-exterior-jardim-guia.html"
    },
    {
      "source": "/blog/instalacao-eletrica-casa-antiga-renovacao",
      "destination": "/blog/instalacao-eletrica-casa-antiga-renovacao.html"
    },
    {
      "source": "/blog/carregador-veiculo-eletrico-casa",
      "destination": "/blog/carregador-veiculo-eletrico-casa.html"
    },
    {
      "source": "/blog/poupanca-energia-inverno-tras-os-montes",
      "destination": "/blog/poupanca-energia-inverno-tras-os-montes.html"
    },
    {
      "source": "/electricista-freixo-espada-cinta",
      "destination": "/eletricista-freixo-espada-cinta.html"
    },
    {
      "source": "/instalacao-eletrica-completa",
      "destination": "/instalacao-eletrica-completa.html"
    },
    {
      "source": "/reparacao-avarias-eletricas",
      "destination": "/reparacao-avarias-eletricas.html"
    },
    {
      "source": "/automacao-residencial-domotica",
      "destination": "/automacao-residencial-domotica.html"
    },
    {
      "source": "/protecao-contra-raios",
      "destination": "/protecao-contra-raios.html"
    },
    {
      "source": "/manutencao-preventiva-eletrica",
      "destination": "/manutencao-preventiva-eletrica.html"
    },
    {
      "source": "/eficiencia-energetica-poupanca",
      "destination": "/eficiencia-energetica-poupanca.html"
    },
    {
      "source": "/eletricista-urgente-vila-real",
      "destination": "/eletricista-urgente-vila-real.html"
    },
    {
      "source": "/eletricista-urgente-chaves",
      "destination": "/eletricista-urgente-chaves.html"
    },
    {
      "source": "/eletricista-urgente-lamego",
      "destination": "/eletricista-urgente-lamego.html"
    },
    {
      "source": "/tecnologia-premium",
      "destination": "/tecnologia-premium.html"
    },
    {
      "source": "/domotica-casa-inteligente",
      "destination": "/automacao-residencial-domotica.html"
    },
    {
      "source": "/instalacao-carregador-veiculo-eletrico",
      "destination": "/instalacao-eletrica-completa.html"
    },
    {
      "source": "/eletricista-macedo",
      "destination": "/eletricista-macedo-cavaleiros.html"
    },
    {
      "source": "/blog/electricista-urgente-24-horas-braganca.html",
      "destination": "/blog/eletricista-urgente-24-horas-braganca.html"
    },
    {
      "source": "/blog/domotica-casa-inteligente-guia-completo",
      "destination": "/blog/domotica-casa-inteligente-guia-completo.html"
    },
    {
      "source": "/blog/camera-termica-diagnostico-eletrico",
      "destination": "/blog/camera-termica-diagnostico-eletrico.html"
    },
    {
      "source": "/blog/diferencial-disjuntor-para-que-serve",
      "destination": "/blog/diferencial-disjuntor-para-que-serve.html"
    },
    {
      "source": "/blog/perigos-instalacao-eletrica-antiga",
      "destination": "/blog/perigos-instalacao-eletrica-antiga.html"
    },
    {
      "source": "/blog/como-poupar-eletricidade-dicas-praticas",
      "destination": "/blog/como-poupar-eletricidade-dicas-praticas.html"
    },
    {
      "source": "/blog/casa-sem-luz-o-que-fazer",
      "destination": "/blog/casa-sem-luz-o-que-fazer.html"
    },
    {
      "source": "/blog/tomada-queimada-perigos-solucoes",
      "destination": "/blog/tomada-queimada-perigos-solucoes.html"
    },
    {
      "source": "/blog/piquete-eletricista-urgente-24h",
      "destination": "/blog/piquete-eletricista-urgente-24h.html"
    },
    {
      "source": "/blog/certificado-certiel-preco-quanto-custa",
      "destination": "/blog/certificado-certiel-preco-quanto-custa.html"
    },
    {
      "source": "/blog/potencia-contratada-como-aumentar",
      "destination": "/blog/potencia-contratada-como-aumentar.html"
    },
    {
      "source": "/blog/camera-termica-encontrar-problemas-eletricos",
      "destination": "/blog/camera-termica-encontrar-problemas-eletricos.html"
    },
    {
      "source": "/blog/instalar-ar-condicionado-eletrica",
      "destination": "/blog/instalar-ar-condicionado-eletrica.html"
    },
    {
      "source": "/blog/curto-circuito-causas-prevencao",
      "destination": "/blog/curto-circuito-causas-prevencao.html"
    },
    {
      "source": "/electricista-miranda-douro",
      "destination": "/eletricista-miranda-douro.html"
    },
    {
      "source": "/sobre-mim",
      "destination": "/sobre-mim.html"
    },
    {
      "source": "/servicos",
      "destination": "/servicos.html"
    },
    {
      "source": "/galeria",
      "destination": "/galeria.html"
    },
    {
      "source": "/certificacao-eletrica-tras-os-montes",
      "destination": "/certificacao-eletrica-tras-os-montes.html"
    },
    {
      "source": "/quadros-eletricos-modernizacao",
      "destination": "/quadros-eletricos-modernizacao.html"
    },
    {
      "source": "/garantias-e-seguros",
      "destination": "/garantias-e-seguros.html"
    },
    {
      "source": "/glossario-tecnico",
      "destination": "/glossario-tecnico.html"
    },
    {
      "source": "/parcerias",
      "destination": "/parcerias.html"
    },
    {
      "source": "/distrito-braganca",
      "destination": "/distrito-braganca.html"
    },
    {
      "source": "/distrito-vila-real",
      "destination": "/distrito-vila-real.html"
    },
    {
      "source": "/distrito-viseu-guarda",
      "destination": "/distrito-viseu-guarda.html"
    },
    {
      "source": "/google123xyz789",
      "destination": "/public/google123xyz789.html"
    },
    {
      "source": "/maintenance",
      "destination": "/public/maintenance.html"
    },
    {
      "source": "/melhores-alicates-eletricista",
      "destination": "/public/melhores-alicates-eletricista.html"
    },
    {
      "source": "/melhores-brocas-betao-eletricista",
      "destination": "/public/melhores-brocas-betao-eletricista.html"
    },
    {
      "source": "/melhores-cabos-eletricos-instalacao",
      "destination": "/public/melhores-cabos-eletricos-instalacao.html"
    },
    {
      "source": "/melhores-caixas-ferramentas-eletricista",
      "destination": "/public/melhores-caixas-ferramentas-eletricista.html"
    },
    {
      "source": "/melhores-cameras-termicas",
      "destination": "/public/melhores-cameras-termicas.html"
    },
    {
      "source": "/melhores-chaves-fendas-isoladas",
      "destination": "/public/melhores-chaves-fendas-isoladas.html"
    },
    {
      "source": "/melhores-detetores-tensao",
      "destination": "/public/melhores-detetores-tensao.html"
    },
    {
      "source": "/melhores-disjuntores-casa",
      "destination": "/public/melhores-disjuntores-casa.html"
    },
    {
      "source": "/melhores-extensoes-eletricas-profissionais",
      "destination": "/public/melhores-extensoes-eletricas-profissionais.html"
    },
    {
      "source": "/melhores-fitas-isoladoras",
      "destination": "/public/melhores-fitas-isoladoras.html"
    },
    {
      "source": "/melhores-interruptores-inteligentes",
      "destination": "/public/melhores-interruptores-inteligentes.html"
    },
    {
      "source": "/melhores-lampadas-led-casa",
      "destination": "/public/melhores-lampadas-led-casa.html"
    },
    {
      "source": "/melhores-lanternas-trabalho",
      "destination": "/public/melhores-lanternas-trabalho.html"
    },
    {
      "source": "/melhores-multimetros-eletricista",
      "destination": "/public/melhores-multimetros-eletricista.html"
    },
    {
      "source": "/melhores-paineis-solares-varanda",
      "destination": "/public/melhores-paineis-solares-varanda.html"
    },
    {
      "source": "/melhores-passa-cabos-guias",
      "destination": "/public/melhores-passa-cabos-guias.html"
    },
    {
      "source": "/melhores-protetores-sobretensao",
      "destination": "/public/melhores-protetores-sobretensao.html"
    },
    {
      "source": "/melhores-quadros-eletricos-residenciais",
      "destination": "/public/melhores-quadros-eletricos-residenciais.html"
    },
    {
      "source": "/melhores-testadores-tomadas",
      "destination": "/public/melhores-testadores-tomadas.html"
    },
    {
      "source": "/melhores-ups-protetor-computador",
      "destination": "/public/melhores-ups-protetor-computador.html"
    },
    {
      "source": "/blog/como-instalar-alarme-casa",
      "destination": "/public/blog/como-instalar-alarme-casa.html"
    },
    {
      "source": "/blog/como-instalar-aquecedor-toalhas-eletrico",
      "destination": "/public/blog/como-instalar-aquecedor-toalhas-eletrico.html"
    },
    {
      "source": "/blog/como-instalar-campainha-sem-fios",
      "destination": "/public/blog/como-instalar-campainha-sem-fios.html"
    },
    {
      "source": "/blog/como-instalar-carregador-carro-eletrico",
      "destination": "/public/blog/como-instalar-carregador-carro-eletrico.html"
    },
    {
      "source": "/blog/como-instalar-detetor-fumo",
      "destination": "/public/blog/como-instalar-detetor-fumo.html"
    },
    {
      "source": "/blog/como-instalar-extrator-casa-banho",
      "destination": "/public/blog/como-instalar-extrator-casa-banho.html"
    },
    {
      "source": "/blog/como-instalar-fechadura-eletrica",
      "destination": "/public/blog/como-instalar-fechadura-eletrica.html"
    },
    {
      "source": "/blog/como-instalar-fita-led",
      "destination": "/public/blog/como-instalar-fita-led.html"
    },
    {
      "source": "/blog/como-instalar-iluminacao-jardim",
      "destination": "/public/blog/como-instalar-iluminacao-jardim.html"
    },
    {
      "source": "/blog/como-instalar-luz-emergencia",
      "destination": "/public/blog/como-instalar-luz-emergencia.html"
    },
    {
      "source": "/blog/como-instalar-motor-portao-eletrico",
      "destination": "/public/blog/como-instalar-motor-portao-eletrico.html"
    },
    {
      "source": "/blog/como-instalar-painel-solar-varanda",
      "destination": "/public/blog/como-instalar-painel-solar-varanda.html"
    },
    {
      "source": "/blog/como-instalar-projetor-exterior",
      "destination": "/public/blog/como-instalar-projetor-exterior.html"
    },
    {
      "source": "/blog/como-instalar-quadro-eletrico-garagem",
      "destination": "/public/blog/como-instalar-quadro-eletrico-garagem.html"
    },
    {
      "source": "/blog/como-instalar-regulador-intensidade-luz",
      "destination": "/public/blog/como-instalar-regulador-intensidade-luz.html"
    },
    {
      "source": "/blog/como-instalar-relogio-programador",
      "destination": "/public/blog/como-instalar-relogio-programador.html"
    },
    {
      "source": "/blog/como-instalar-sistema-videovigilancia",
      "destination": "/public/blog/como-instalar-sistema-videovigilancia.html"
    },
    {
      "source": "/blog/como-instalar-temporizador-luz-escadas",
      "destination": "/public/blog/como-instalar-temporizador-luz-escadas.html"
    },
    {
      "source": "/blog/como-instalar-termostato-inteligente",
      "destination": "/public/blog/como-instalar-termostato-inteligente.html"
    },
    {
      "source": "/blog/como-instalar-tomada-exterior",
      "destination": "/public/blog/como-instalar-tomada-exterior.html"
    },
    {
      "source": "/blog/como-instalar-tomada-inteligente-wifi",
      "destination": "/public/blog/como-instalar-tomada-inteligente-wifi.html"
    },
    {
      "source": "/blog/como-instalar-tomada-usb",
      "destination": "/public/blog/como-instalar-tomada-usb.html"
    },
    {
      "source": "/blog/como-instalar-ups-protetor-computador",
      "destination": "/public/blog/como-instalar-ups-protetor-computador.html"
    },
    {
      "source": "/blog/como-instalar-ventilador-teto",
      "destination": "/public/blog/como-instalar-ventilador-teto.html"
    },
    {
      "source": "/blog/como-instalar-videoporteiro",
      "destination": "/public/blog/como-instalar-videoporteiro.html"
    },
    {
      "source": "/blog/como-ligar-interruptor-duplo",
      "destination": "/public/blog/como-ligar-interruptor-duplo.html"
    },
    {
      "source": "/blog/como-proteger-eletrodomesticos-trovoada",
      "destination": "/public/blog/como-proteger-eletrodomesticos-trovoada.html"
    },
    {
      "source": "/blog/como-reduzir-conta-eletricidade",
      "destination": "/public/blog/como-reduzir-conta-eletricidade.html"
    },
    {
      "source": "/blog/como-testar-tomada-multimetro",
      "destination": "/public/blog/como-testar-tomada-multimetro.html"
    },
    {
      "source": "/blog/como-verificar-terra-instalacao",
      "destination": "/public/blog/como-verificar-terra-instalacao.html"
    },
    {
      "source": "/blog/5-sinais-falha-eletrica-urgente",
      "destination": "/public/blog/5-sinais-falha-eletrica-urgente.html"
    },
    {
      "source": "/blog/checklist-manutencao-eletrica-casa-campo",
      "destination": "/public/blog/checklist-manutencao-eletrica-casa-campo.html"
    },
    {
      "source": "/blog/como-instalar-wallbox-casa",
      "destination": "/public/blog/como-instalar-wallbox-casa.html"
    },
    {
      "source": "/blog/quanto-custa-certificacao-eletrica",
      "destination": "/public/blog/quanto-custa-certificacao-eletrica.html"
    },
    {
      "source": "/alarme-alfandega-da-fe",
      "destination": "/public/alarme-alfandega-da-fe.html"
    },
    {
      "source": "/alarme-braganca",
      "destination": "/public/alarme-braganca.html"
    },
    {
      "source": "/alarme-carrazeda-de-ansiaes",
      "destination": "/public/alarme-carrazeda-de-ansiaes.html"
    },
    {
      "source": "/alarme-chaves",
      "destination": "/public/alarme-chaves.html"
    },
    {
      "source": "/alarme-freixo-de-espada-a-cinta",
      "destination": "/public/alarme-freixo-de-espada-a-cinta.html"
    },
    {
      "source": "/alarme-macedo-de-cavaleiros",
      "destination": "/public/alarme-macedo-de-cavaleiros.html"
    },
    {
      "source": "/alarme-mirandela",
      "destination": "/public/alarme-mirandela.html"
    },
    {
      "source": "/alarme-mogadouro",
      "destination": "/public/alarme-mogadouro.html"
    },
    {
      "source": "/alarme-murca",
      "destination": "/public/alarme-murca.html"
    },
    {
      "source": "/alarme-torre-de-moncorvo",
      "destination": "/public/alarme-torre-de-moncorvo.html"
    },
    {
      "source": "/alarme-valpacos",
      "destination": "/public/alarme-valpacos.html"
    },
    {
      "source": "/alarme-vila-flor",
      "destination": "/public/alarme-vila-flor.html"
    },
    {
      "source": "/alarme-vila-real",
      "destination": "/public/alarme-vila-real.html"
    },
    {
      "source": "/alarme-vimioso",
      "destination": "/public/alarme-vimioso.html"
    },
    {
      "source": "/alarme-vinhais",
      "destination": "/public/alarme-vinhais.html"
    },
    {
      "source": "/ar-condicionado-alfandega-da-fe",
      "destination": "/public/ar-condicionado-alfandega-da-fe.html"
    },
    {
      "source": "/ar-condicionado-braganca",
      "destination": "/public/ar-condicionado-braganca.html"
    },
    {
      "source": "/ar-condicionado-carrazeda-de-ansiaes",
      "destination": "/public/ar-condicionado-carrazeda-de-ansiaes.html"
    },
    {
      "source": "/ar-condicionado-chaves",
      "destination": "/public/ar-condicionado-chaves.html"
    },
    {
      "source": "/ar-condicionado-freixo-de-espada-a-cinta",
      "destination": "/public/ar-condicionado-freixo-de-espada-a-cinta.html"
    },
    {
      "source": "/ar-condicionado-macedo-de-cavaleiros",
      "destination": "/public/ar-condicionado-macedo-de-cavaleiros.html"
    },
    {
      "source": "/ar-condicionado-mirandela",
      "destination": "/public/ar-condicionado-mirandela.html"
    },
    {
      "source": "/ar-condicionado-mogadouro",
      "destination": "/public/ar-condicionado-mogadouro.html"
    },
    {
      "source": "/ar-condicionado-murca",
      "destination": "/public/ar-condicionado-murca.html"
    },
    {
      "source": "/ar-condicionado-torre-de-moncorvo",
      "destination": "/public/ar-condicionado-torre-de-moncorvo.html"
    },
    {
      "source": "/ar-condicionado-valpacos",
      "destination": "/public/ar-condicionado-valpacos.html"
    },
    {
      "source": "/ar-condicionado-vila-flor",
      "destination": "/public/ar-condicionado-vila-flor.html"
    },
    {
      "source": "/ar-condicionado-vila-real",
      "destination": "/public/ar-condicionado-vila-real.html"
    },
    {
      "source": "/ar-condicionado-vimioso",
      "destination": "/public/ar-condicionado-vimioso.html"
    },
    {
      "source": "/ar-condicionado-vinhais",
      "destination": "/public/ar-condicionado-vinhais.html"
    },
    {
      "source": "/domotica-alfandega-da-fe",
      "destination": "/public/domotica-alfandega-da-fe.html"
    },
    {
      "source": "/domotica-braganca",
      "destination": "/public/domotica-braganca.html"
    },
    {
      "source": "/domotica-carrazeda-de-ansiaes",
      "destination": "/public/domotica-carrazeda-de-ansiaes.html"
    },
    {
      "source": "/domotica-chaves",
      "destination": "/public/domotica-chaves.html"
    },
    {
      "source": "/domotica-freixo-de-espada-a-cinta",
      "destination": "/public/domotica-freixo-de-espada-a-cinta.html"
    },
    {
      "source": "/domotica-macedo-de-cavaleiros",
      "destination": "/public/domotica-macedo-de-cavaleiros.html"
    },
    {
      "source": "/domotica-mirandela",
      "destination": "/public/domotica-mirandela.html"
    },
    {
      "source": "/domotica-mogadouro",
      "destination": "/public/domotica-mogadouro.html"
    },
    {
      "source": "/domotica-murca",
      "destination": "/public/domotica-murca.html"
    },
    {
      "source": "/domotica-torre-de-moncorvo",
      "destination": "/public/domotica-torre-de-moncorvo.html"
    },
    {
      "source": "/domotica-valpacos",
      "destination": "/public/domotica-valpacos.html"
    },
    {
      "source": "/domotica-vila-flor",
      "destination": "/public/domotica-vila-flor.html"
    },
    {
      "source": "/domotica-vila-real",
      "destination": "/public/domotica-vila-real.html"
    },
    {
      "source": "/domotica-vimioso",
      "destination": "/public/domotica-vimioso.html"
    },
    {
      "source": "/domotica-vinhais",
      "destination": "/public/domotica-vinhais.html"
    },
    {
      "source": "/eletricista-ao-domicilio",
      "destination": "/public/eletricista-ao-domicilio.html"
    },
    {
      "source": "/eletricista-braganca-distrito",
      "destination": "/public/eletricista-braganca-distrito.html"
    },
    {
      "source": "/eletricista-disponivel-hoje",
      "destination": "/public/eletricista-disponivel-hoje.html"
    },
    {
      "source": "/eletricista-nordeste-portugal",
      "destination": "/public/eletricista-nordeste-portugal.html"
    },
    {
      "source": "/eletricista-perto-de-mim",
      "destination": "/public/eletricista-perto-de-mim.html"
    },
    {
      "source": "/paineis-fotovoltaicos-alfandega-da-fe",
      "destination": "/public/paineis-fotovoltaicos-alfandega-da-fe.html"
    },
    {
      "source": "/paineis-fotovoltaicos-braganca",
      "destination": "/public/paineis-fotovoltaicos-braganca.html"
    },
    {
      "source": "/paineis-fotovoltaicos-carrazeda-de-ansiaes",
      "destination": "/public/paineis-fotovoltaicos-carrazeda-de-ansiaes.html"
    },
    {
      "source": "/paineis-fotovoltaicos-chaves",
      "destination": "/public/paineis-fotovoltaicos-chaves.html"
    },
    {
      "source": "/paineis-fotovoltaicos-freixo-de-espada-a-cinta",
      "destination": "/public/paineis-fotovoltaicos-freixo-de-espada-a-cinta.html"
    },
    {
      "source": "/paineis-fotovoltaicos-macedo-de-cavaleiros",
      "destination": "/public/paineis-fotovoltaicos-macedo-de-cavaleiros.html"
    },
    {
      "source": "/paineis-fotovoltaicos-mirandela",
      "destination": "/public/paineis-fotovoltaicos-mirandela.html"
    },
    {
      "source": "/paineis-fotovoltaicos-mogadouro",
      "destination": "/public/paineis-fotovoltaicos-mogadouro.html"
    },
    {
      "source": "/paineis-fotovoltaicos-murca",
      "destination": "/public/paineis-fotovoltaicos-murca.html"
    },
    {
      "source": "/paineis-fotovoltaicos-torre-de-moncorvo",
      "destination": "/public/paineis-fotovoltaicos-torre-de-moncorvo.html"
    },
    {
      "source": "/paineis-fotovoltaicos-valpacos",
      "destination": "/public/paineis-fotovoltaicos-valpacos.html"
    },
    {
      "source": "/paineis-fotovoltaicos-vila-flor",
      "destination": "/public/paineis-fotovoltaicos-vila-flor.html"
    },
    {
      "source": "/paineis-fotovoltaicos-vila-real",
      "destination": "/public/paineis-fotovoltaicos-vila-real.html"
    },
    {
      "source": "/paineis-fotovoltaicos-vimioso",
      "destination": "/public/paineis-fotovoltaicos-vimioso.html"
    },
    {
      "source": "/paineis-fotovoltaicos-vinhais",
      "destination": "/public/paineis-fotovoltaicos-vinhais.html"
    },
    {
      "source": "/urgencia-eletricista-alfandega-da-fe",
      "destination": "/public/urgencia-eletricista-alfandega-da-fe.html"
    },
    {
      "source": "/urgencia-eletricista-braganca",
      "destination": "/public/urgencia-eletricista-braganca.html"
    },
    {
      "source": "/urgencia-eletricista-carrazeda-de-ansiaes",
      "destination": "/public/urgencia-eletricista-carrazeda-de-ansiaes.html"
    },
    {
      "source": "/urgencia-eletricista-chaves",
      "destination": "/public/urgencia-eletricista-chaves.html"
    },
    {
      "source": "/urgencia-eletricista-freixo-de-espada-a-cinta",
      "destination": "/public/urgencia-eletricista-freixo-de-espada-a-cinta.html"
    },
    {
      "source": "/urgencia-eletricista-macedo-de-cavaleiros",
      "destination": "/public/urgencia-eletricista-macedo-de-cavaleiros.html"
    },
    {
      "source": "/urgencia-eletricista-mirandela",
      "destination": "/public/urgencia-eletricista-mirandela.html"
    },
    {
      "source": "/urgencia-eletricista-mogadouro",
      "destination": "/public/urgencia-eletricista-mogadouro.html"
    },
    {
      "source": "/urgencia-eletricista-murca",
      "destination": "/public/urgencia-eletricista-murca.html"
    },
    {
      "source": "/urgencia-eletricista-torre-de-moncorvo",
      "destination": "/public/urgencia-eletricista-torre-de-moncorvo.html"
    },
    {
      "source": "/urgencia-eletricista-valpacos",
      "destination": "/public/urgencia-eletricista-valpacos.html"
    },
    {
      "source": "/urgencia-eletricista-vila-flor",
      "destination": "/public/urgencia-eletricista-vila-flor.html"
    },
    {
      "source": "/urgencia-eletricista-vila-real",
      "destination": "/public/urgencia-eletricista-vila-real.html"
    },
    {
      "source": "/urgencia-eletricista-vimioso",
      "destination": "/public/urgencia-eletricista-vimioso.html"
    },
    {
      "source": "/urgencia-eletricista-vinhais",
      "destination": "/public/urgencia-eletricista-vinhais.html"
    },
    {
      "source": "/videoporteiro-alfandega-da-fe",
      "destination": "/public/videoporteiro-alfandega-da-fe.html"
    },
    {
      "source": "/videoporteiro-braganca",
      "destination": "/public/videoporteiro-braganca.html"
    },
    {
      "source": "/videoporteiro-carrazeda-de-ansiaes",
      "destination": "/public/videoporteiro-carrazeda-de-ansiaes.html"
    },
    {
      "source": "/videoporteiro-chaves",
      "destination": "/public/videoporteiro-chaves.html"
    },
    {
      "source": "/videoporteiro-freixo-de-espada-a-cinta",
      "destination": "/public/videoporteiro-freixo-de-espada-a-cinta.html"
    },
    {
      "source": "/videoporteiro-macedo-de-cavaleiros",
      "destination": "/public/videoporteiro-macedo-de-cavaleiros.html"
    },
    {
      "source": "/videoporteiro-mirandela",
      "destination": "/public/videoporteiro-mirandela.html"
    },
    {
      "source": "/videoporteiro-mogadouro",
      "destination": "/public/videoporteiro-mogadouro.html"
    },
    {
      "source": "/videoporteiro-murca",
      "destination": "/public/videoporteiro-murca.html"
    },
    {
      "source": "/videoporteiro-torre-de-moncorvo",
      "destination": "/public/videoporteiro-torre-de-moncorvo.html"
    },
    {
      "source": "/videoporteiro-valpacos",
      "destination": "/public/videoporteiro-valpacos.html"
    },
    {
      "source": "/videoporteiro-vila-flor",
      "destination": "/public/videoporteiro-vila-flor.html"
    },
    {
      "source": "/videoporteiro-vila-real",
      "destination": "/public/videoporteiro-vila-real.html"
    },
    {
      "source": "/videoporteiro-vimioso",
      "destination": "/public/videoporteiro-vimioso.html"
    },
    {
      "source": "/videoporteiro-vinhais",
      "destination": "/public/videoporteiro-vinhais.html"
    },
    {
      "source": "/vmc-alfandega-da-fe",
      "destination": "/public/vmc-alfandega-da-fe.html"
    },
    {
      "source": "/vmc-braganca",
      "destination": "/public/vmc-braganca.html"
    },
    {
      "source": "/vmc-carrazeda-de-ansiaes",
      "destination": "/public/vmc-carrazeda-de-ansiaes.html"
    },
    {
      "source": "/vmc-chaves",
      "destination": "/public/vmc-chaves.html"
    },
    {
      "source": "/vmc-freixo-de-espada-a-cinta",
      "destination": "/public/vmc-freixo-de-espada-a-cinta.html"
    },
    {
      "source": "/vmc-macedo-de-cavaleiros",
      "destination": "/public/vmc-macedo-de-cavaleiros.html"
    },
    {
      "source": "/vmc-mirandela",
      "destination": "/public/vmc-mirandela.html"
    },
    {
      "source": "/vmc-mogadouro",
      "destination": "/public/vmc-mogadouro.html"
    },
    {
      "source": "/vmc-murca",
      "destination": "/public/vmc-murca.html"
    },
    {
      "source": "/vmc-torre-de-moncorvo",
      "destination": "/public/vmc-torre-de-moncorvo.html"
    },
    {
      "source": "/vmc-valpacos",
      "destination": "/public/vmc-valpacos.html"
    },
    {
      "source": "/vmc-vila-flor",
      "destination": "/public/vmc-vila-flor.html"
    },
    {
      "source": "/vmc-vila-real",
      "destination": "/public/vmc-vila-real.html"
    },
    {
      "source": "/vmc-vimioso",
      "destination": "/public/vmc-vimioso.html"
    },
    {
      "source": "/vmc-vinhais",
      "destination": "/public/vmc-vinhais.html"
    },
    {
      "source": "/wallbox-alfandega-da-fe",
      "destination": "/public/wallbox-alfandega-da-fe.html"
    },
    {
      "source": "/wallbox-braganca",
      "destination": "/public/wallbox-braganca.html"
    },
    {
      "source": "/wallbox-carrazeda-de-ansiaes",
      "destination": "/public/wallbox-carrazeda-de-ansiaes.html"
    },
    {
      "source": "/wallbox-chaves",
      "destination": "/public/wallbox-chaves.html"
    },
    {
      "source": "/wallbox-freixo-de-espada-a-cinta",
      "destination": "/public/wallbox-freixo-de-espada-a-cinta.html"
    },
    {
      "source": "/wallbox-macedo-de-cavaleiros",
      "destination": "/public/wallbox-macedo-de-cavaleiros.html"
    },
    {
      "source": "/wallbox-mirandela",
      "destination": "/public/wallbox-mirandela.html"
    },
    {
      "source": "/wallbox-mogadouro",
      "destination": "/public/wallbox-mogadouro.html"
    },
    {
      "source": "/wallbox-murca",
      "destination": "/public/wallbox-murca.html"
    },
    {
      "source": "/wallbox-torre-de-moncorvo",
      "destination": "/public/wallbox-torre-de-moncorvo.html"
    },
    {
      "source": "/wallbox-valpacos",
      "destination": "/public/wallbox-valpacos.html"
    },
    {
      "source": "/wallbox-vila-flor",
      "destination": "/public/wallbox-vila-flor.html"
    },
    {
      "source": "/wallbox-vila-real",
      "destination": "/public/wallbox-vila-real.html"
    },
    {
      "source": "/wallbox-vimioso",
      "destination": "/public/wallbox-vimioso.html"
    },
    {
      "source": "/wallbox-vinhais",
      "destination": "/public/wallbox-vinhais.html"
    },
    {
      "source": "/eletricista-algoso",
      "destination": "/public/eletricista-algoso.html"
    },
    {
      "source": "/eletricista-figueira-castelo-rodrigo",
      "destination": "/public/eletricista-figueira-castelo-rodrigo.html"
    },
    {
      "source": "/eletricista-lagoaca",
      "destination": "/public/eletricista-lagoaca.html"
    },
    {
      "source": "/eletricista-meda",
      "destination": "/public/eletricista-meda.html"
    },
    {
      "source": "/eletricista-miranda-do-douro",
      "destination": "/public/eletricista-miranda-do-douro.html"
    },
    {
      "source": "/eletricista-monforte-de-rio-livre",
      "destination": "/public/eletricista-monforte-de-rio-livre.html"
    },
    {
      "source": "/eletricista-santa-marta-penaguiao",
      "destination": "/public/eletricista-santa-marta-penaguiao.html"
    },
    {
      "source": "/empresa-de-eletricidade",
      "destination": "/public/empresa-de-eletricidade.html"
    },
    {
      "source": "/tecnico-eletricista",
      "destination": "/public/tecnico-eletricista.html"
    },
    {
      "source": "/urgencia-eletricista-algoso",
      "destination": "/public/urgencia-eletricista-algoso.html"
    },
    {
      "source": "/urgencia-eletricista-armamar",
      "destination": "/public/urgencia-eletricista-armamar.html"
    },
    {
      "source": "/urgencia-eletricista-boticas",
      "destination": "/public/urgencia-eletricista-boticas.html"
    },
    {
      "source": "/urgencia-eletricista-duas-igrejas",
      "destination": "/public/urgencia-eletricista-duas-igrejas.html"
    },
    {
      "source": "/urgencia-eletricista-figueira-castelo-rodrigo",
      "destination": "/public/urgencia-eletricista-figueira-castelo-rodrigo.html"
    },
    {
      "source": "/urgencia-eletricista-lagoaca",
      "destination": "/public/urgencia-eletricista-lagoaca.html"
    },
    {
      "source": "/urgencia-eletricista-meda",
      "destination": "/public/urgencia-eletricista-meda.html"
    },
    {
      "source": "/urgencia-eletricista-mesao-frio",
      "destination": "/public/urgencia-eletricista-mesao-frio.html"
    },
    {
      "source": "/urgencia-eletricista-miranda-do-douro",
      "destination": "/public/urgencia-eletricista-miranda-do-douro.html"
    },
    {
      "source": "/urgencia-eletricista-moncorvo",
      "destination": "/public/urgencia-eletricista-moncorvo.html"
    },
    {
      "source": "/urgencia-eletricista-mondim-de-basto",
      "destination": "/public/urgencia-eletricista-mondim-de-basto.html"
    },
    {
      "source": "/urgencia-eletricista-monforte-de-rio-livre",
      "destination": "/public/urgencia-eletricista-monforte-de-rio-livre.html"
    },
    {
      "source": "/urgencia-eletricista-montalegre",
      "destination": "/public/urgencia-eletricista-montalegre.html"
    },
    {
      "source": "/urgencia-eletricista-penedono",
      "destination": "/public/urgencia-eletricista-penedono.html"
    },
    {
      "source": "/urgencia-eletricista-rebordelo",
      "destination": "/public/urgencia-eletricista-rebordelo.html"
    },
    {
      "source": "/urgencia-eletricista-ribeira-de-pena",
      "destination": "/public/urgencia-eletricista-ribeira-de-pena.html"
    },
    {
      "source": "/urgencia-eletricista-santa-marta-penaguiao",
      "destination": "/public/urgencia-eletricista-santa-marta-penaguiao.html"
    },
    {
      "source": "/urgencia-eletricista-sendim",
      "destination": "/public/urgencia-eletricista-sendim.html"
    },
    {
      "source": "/urgencia-eletricista-sernancelhe",
      "destination": "/public/urgencia-eletricista-sernancelhe.html"
    },
    {
      "source": "/urgencia-eletricista-tabuaco",
      "destination": "/public/urgencia-eletricista-tabuaco.html"
    },
    {
      "source": "/urgencia-eletricista-vila-pouca-de-aguiar",
      "destination": "/public/urgencia-eletricista-vila-pouca-de-aguiar.html"
    },
    {
      "source": "/(.*)",
      "destination": "/index.html"
    },
    {
      "source": "/404",
      "destination": "/public/404.html"
    },
    {
      "source": "/todas-perguntas-frequentes",
      "destination": "/public/todas-perguntas-frequentes.html"
    },
    {
      "source": "/areas-atuacao",
      "destination": "/areas-atuacao.html"
    },
    {
      "source": "/orcamento",
      "destination": "/orcamento.html"
    },
    {
      "source": "/equipa-certificacoes",
      "destination": "/equipa-certificacoes.html"
    },
    {
      "source": "/iluminacao-led-lamego",
      "destination": "/public/iluminacao-led-lamego.html"
    },
    {
      "source": "/zona-intervencao",
      "destination": "/public/zona-intervencao.html"
    },
    {
      "source": "/eletricista-vila-chã",
      "destination": "/public/eletricista-vila-chã.html"
    },
    {
      "source": "/eletricista-urgente-penedono",
      "destination": "/public/eletricista-urgente-penedono.html"
    },
    {
      "source": "/eletricista-vilar-de-ossos",
      "destination": "/public/eletricista-vilar-de-ossos.html"
    },
    {
      "source": "/eletricista-pedras-salgadas",
      "destination": "/public/eletricista-pedras-salgadas.html"
    },
    {
      "source": "/guia-precos-eletricista",
      "destination": "/public/guia-precos-eletricista.html"
    },
    {
      "source": "/eletricista-mondim-da-beira",
      "destination": "/public/eletricista-mondim-da-beira.html"
    },
    {
      "source": "/eletricista-quintanilha",
      "destination": "/public/eletricista-quintanilha.html"
    },
    {
      "source": "/eletricista-urgente-mirandela",
      "destination": "/public/eletricista-urgente-mirandela.html"
    },
    {
      "source": "/eletricista-ucanha",
      "destination": "/public/eletricista-ucanha.html"
    },
    {
      "source": "/eletricista-urgente-alijo",
      "destination": "/public/eletricista-urgente-alijo.html"
    },
    {
      "source": "/quadros-eletricos-braganca",
      "destination": "/public/quadros-eletricos-braganca.html"
    },
    {
      "source": "/eletricista-urgente-alfandega-da-fe",
      "destination": "/public/eletricista-urgente-alfandega-da-fe.html"
    },
    {
      "source": "/eletricista-vs-fazer-sozinho",
      "destination": "/public/eletricista-vs-fazer-sozinho.html"
    },
    {
      "source": "/certificacao-eletrica-braganca",
      "destination": "/public/certificacao-eletrica-braganca.html"
    },
    {
      "source": "/eletricista-urgente-vimioso",
      "destination": "/public/eletricista-urgente-vimioso.html"
    },
    {
      "source": "/eletricista-urgente-macedo",
      "destination": "/public/eletricista-urgente-macedo.html"
    },
    {
      "source": "/eletricista-grijó-de-parada",
      "destination": "/public/eletricista-grijó-de-parada.html"
    },
    {
      "source": "/aquecimento-eletrico-chaves",
      "destination": "/public/aquecimento-eletrico-chaves.html"
    },
    {
      "source": "/eletricista-urgente-peso-da-regua",
      "destination": "/public/eletricista-urgente-peso-da-regua.html"
    },
    {
      "source": "/eletricista-ervededo",
      "destination": "/public/eletricista-ervededo.html"
    },
    {
      "source": "/eletricista-urgente-ribeira-de-pena",
      "destination": "/public/eletricista-urgente-ribeira-de-pena.html"
    },
    {
      "source": "/eletricista-lagoa",
      "destination": "/public/eletricista-lagoa.html"
    },
    {
      "source": "/aquecimento-eletrico-macedo",
      "destination": "/public/aquecimento-eletrico-macedo.html"
    },
    {
      "source": "/eletricista-frechas",
      "destination": "/public/eletricista-frechas.html"
    },
    {
      "source": "/faq-eletricista-vila-real",
      "destination": "/public/faq-eletricista-vila-real.html"
    },
    {
      "source": "/eletricista-romeu",
      "destination": "/public/eletricista-romeu.html"
    },
    {
      "source": "/quadros-eletricos-lamego",
      "destination": "/public/quadros-eletricos-lamego.html"
    },
    {
      "source": "/certificacao-eletrica-vila-real",
      "destination": "/public/certificacao-eletrica-vila-real.html"
    },
    {
      "source": "/iluminacao-led-torre-moncorvo",
      "destination": "/public/iluminacao-led-torre-moncorvo.html"
    },
    {
      "source": "/eletricista-urgente-braganca",
      "destination": "/public/eletricista-urgente-braganca.html"
    },
    {
      "source": "/eletricista-urgente-boticas",
      "destination": "/public/eletricista-urgente-boticas.html"
    },
    {
      "source": "/eletricista-vila-verde-da-raia",
      "destination": "/public/eletricista-vila-verde-da-raia.html"
    },
    {
      "source": "/quadros-eletricos-alfandega",
      "destination": "/public/quadros-eletricos-alfandega.html"
    },
    {
      "source": "/instalacao-eletrica-valpacos",
      "destination": "/public/instalacao-eletrica-valpacos.html"
    },
    {
      "source": "/testemunhos",
      "destination": "/public/testemunhos.html"
    },
    {
      "source": "/eletricista-urgente-torre-moncorvo",
      "destination": "/public/eletricista-urgente-torre-moncorvo.html"
    },
    {
      "source": "/instalacao-eletrica-torre-moncorvo",
      "destination": "/public/instalacao-eletrica-torre-moncorvo.html"
    },
    {
      "source": "/eletricista-cortiços",
      "destination": "/public/eletricista-cortiços.html"
    },
    {
      "source": "/iluminacao-led-vinhais",
      "destination": "/public/iluminacao-led-vinhais.html"
    },
    {
      "source": "/certificacao-eletrica-alfandega",
      "destination": "/public/certificacao-eletrica-alfandega.html"
    },
    {
      "source": "/eletricista-urgente-mogadouro",
      "destination": "/public/eletricista-urgente-mogadouro.html"
    },
    {
      "source": "/quadros-eletricos-vila-real",
      "destination": "/public/quadros-eletricos-vila-real.html"
    },
    {
      "source": "/eletricista-urgente-macedo-cavaleiros",
      "destination": "/public/eletricista-urgente-macedo-cavaleiros.html"
    },
    {
      "source": "/eletricista-atenor",
      "destination": "/public/eletricista-atenor.html"
    },
    {
      "source": "/certificacao-eletrica-lamego",
      "destination": "/public/certificacao-eletrica-lamego.html"
    },
    {
      "source": "/eletricista-urgente-sao-joao-da-pesqueira",
      "destination": "/public/eletricista-urgente-sao-joao-da-pesqueira.html"
    },
    {
      "source": "/iluminacao-led-alfandega",
      "destination": "/public/iluminacao-led-alfandega.html"
    },
    {
      "source": "/instalacao-paineis-solares-tras-os-montes",
      "destination": "/public/instalacao-paineis-solares-tras-os-montes.html"
    },
    {
      "source": "/eletricista-urgente-sabrosa",
      "destination": "/public/eletricista-urgente-sabrosa.html"
    },
    {
      "source": "/paineis-solares-mirandela",
      "destination": "/public/paineis-solares-mirandela.html"
    },
    {
      "source": "/quadros-eletricos-valpacos",
      "destination": "/public/quadros-eletricos-valpacos.html"
    },
    {
      "source": "/eletricista-urgente-sernancelhe",
      "destination": "/public/eletricista-urgente-sernancelhe.html"
    },
    {
      "source": "/eletricista-urgente-armamar",
      "destination": "/public/eletricista-urgente-armamar.html"
    },
    {
      "source": "/eletricista-tarouca",
      "destination": "/public/eletricista-tarouca.html"
    },
    {
      "source": "/instalacao-eletrica-vila-real",
      "destination": "/public/instalacao-eletrica-vila-real.html"
    },
    {
      "source": "/eletricista-urgente-vinhais",
      "destination": "/public/eletricista-urgente-vinhais.html"
    },
    {
      "source": "/eletricista-vilarelho-da-raia",
      "destination": "/public/eletricista-vilarelho-da-raia.html"
    },
    {
      "source": "/quadros-eletricos-vinhais",
      "destination": "/public/quadros-eletricos-vinhais.html"
    },
    {
      "source": "/eletricista-favaios",
      "destination": "/public/eletricista-favaios.html"
    },
    {
      "source": "/eletricista-ferreiros-de-avões",
      "destination": "/public/eletricista-ferreiros-de-avões.html"
    },
    {
      "source": "/eletricista-sendas",
      "destination": "/public/eletricista-sendas.html"
    },
    {
      "source": "/eletricista-morais",
      "destination": "/public/eletricista-morais.html"
    },
    {
      "source": "/instalacao-eletrica-alfandega",
      "destination": "/public/instalacao-eletrica-alfandega.html"
    },
    {
      "source": "/eletricista-deilão",
      "destination": "/public/eletricista-deilão.html"
    },
    {
      "source": "/certificacao-eletrica-valpacos",
      "destination": "/public/certificacao-eletrica-valpacos.html"
    },
    {
      "source": "/eletricista-palaçoulo",
      "destination": "/public/eletricista-palaçoulo.html"
    },
    {
      "source": "/iluminacao-led-vila-real",
      "destination": "/public/iluminacao-led-vila-real.html"
    },
    {
      "source": "/eletricista-urgente-valpacos",
      "destination": "/public/eletricista-urgente-valpacos.html"
    },
    {
      "source": "/eletricista-abreiro",
      "destination": "/public/eletricista-abreiro.html"
    },
    {
      "source": "/instalacao-eletrica-braganca",
      "destination": "/public/instalacao-eletrica-braganca.html"
    },
    {
      "source": "/eletricista-torre-dona-chama",
      "destination": "/public/eletricista-torre-dona-chama.html"
    },
    {
      "source": "/aquecimento-eletrico-alfandega",
      "destination": "/public/aquecimento-eletrico-alfandega.html"
    },
    {
      "source": "/eletricista-penajóia",
      "destination": "/public/eletricista-penajóia.html"
    },
    {
      "source": "/paineis-solares-braganca",
      "destination": "/public/paineis-solares-braganca.html"
    },
    {
      "source": "/eletricista-moncorvo",
      "destination": "/public/eletricista-moncorvo.html"
    },
    {
      "source": "/instalacao-eletrica-lamego",
      "destination": "/public/instalacao-eletrica-lamego.html"
    },
    {
      "source": "/eletricista-urgente-miranda-douro",
      "destination": "/public/eletricista-urgente-miranda-douro.html"
    },
    {
      "source": "/aquecimento-eletrico-vila-real",
      "destination": "/public/aquecimento-eletrico-vila-real.html"
    },
    {
      "source": "/iluminacao-led-miranda-douro",
      "destination": "/public/iluminacao-led-miranda-douro.html"
    },
    {
      "source": "/quadros-eletricos-miranda-douro",
      "destination": "/public/quadros-eletricos-miranda-douro.html"
    },
    {
      "source": "/eletricista-genísio",
      "destination": "/public/eletricista-genísio.html"
    },
    {
      "source": "/eletricista-duas-igrejas",
      "destination": "/public/eletricista-duas-igrejas.html"
    },
    {
      "source": "/eletricista-urgente-murca",
      "destination": "/public/eletricista-urgente-murca.html"
    },
    {
      "source": "/iluminacao-led-macedo",
      "destination": "/public/iluminacao-led-macedo.html"
    },
    {
      "source": "/eletricista-urgente-alfandega",
      "destination": "/public/eletricista-urgente-alfandega.html"
    },
    {
      "source": "/eletricista-sanfins-do-douro",
      "destination": "/public/eletricista-sanfins-do-douro.html"
    },
    {
      "source": "/eletricista-rebordelo",
      "destination": "/public/eletricista-rebordelo.html"
    },
    {
      "source": "/certificacao-eletrica-mogadouro",
      "destination": "/public/certificacao-eletrica-mogadouro.html"
    },
    {
      "source": "/certificacao-eletrica-chaves",
      "destination": "/public/certificacao-eletrica-chaves.html"
    },
    {
      "source": "/aquecimento-eletrico-torre-moncorvo",
      "destination": "/public/aquecimento-eletrico-torre-moncorvo.html"
    },
    {
      "source": "/eletricista-alijó-centro",
      "destination": "/public/eletricista-alijó-centro.html"
    },
    {
      "source": "/eletricista-talhas",
      "destination": "/public/eletricista-talhas.html"
    },
    {
      "source": "/eletricista-urgente-santa-marta-de-penaguiao",
      "destination": "/public/eletricista-urgente-santa-marta-de-penaguiao.html"
    },
    {
      "source": "/eletricista-lamas-de-orelhão",
      "destination": "/public/eletricista-lamas-de-orelhão.html"
    },
    {
      "source": "/certificacao-eletrica-miranda-douro",
      "destination": "/public/certificacao-eletrica-miranda-douro.html"
    },
    {
      "source": "/eletricista-urgente-carrazeda-de-ansiaes",
      "destination": "/public/eletricista-urgente-carrazeda-de-ansiaes.html"
    },
    {
      "source": "/quadros-eletricos-mogadouro",
      "destination": "/public/quadros-eletricos-mogadouro.html"
    },
    {
      "source": "/eletricista-vale-de-prados",
      "destination": "/public/eletricista-vale-de-prados.html"
    },
    {
      "source": "/quadros-eletricos-chaves",
      "destination": "/public/quadros-eletricos-chaves.html"
    },
    {
      "source": "/faq-eletricista-braganca",
      "destination": "/public/faq-eletricista-braganca.html"
    },
    {
      "source": "/quadros-eletricos-macedo",
      "destination": "/public/quadros-eletricos-macedo.html"
    },
    {
      "source": "/aquecimento-eletrico-valpacos",
      "destination": "/public/aquecimento-eletrico-valpacos.html"
    },
    {
      "source": "/eletricista-cambres",
      "destination": "/public/eletricista-cambres.html"
    },
    {
      "source": "/quadros-eletricos-mirandela",
      "destination": "/public/quadros-eletricos-mirandela.html"
    },
    {
      "source": "/aquecimento-eletrico-lamego",
      "destination": "/public/aquecimento-eletrico-lamego.html"
    },
    {
      "source": "/eletricista-lebução",
      "destination": "/public/eletricista-lebução.html"
    },
    {
      "source": "/certificacao-eletrica-torre-moncorvo",
      "destination": "/public/certificacao-eletrica-torre-moncorvo.html"
    },
    {
      "source": "/eletricista-felgar",
      "destination": "/public/eletricista-felgar.html"
    },
    {
      "source": "/eletricista-urgente-montalegre",
      "destination": "/public/eletricista-urgente-montalegre.html"
    },
    {
      "source": "/faq-eletricista-mirandela",
      "destination": "/public/faq-eletricista-mirandela.html"
    },
    {
      "source": "/quanto-custa-eletricista-2026",
      "destination": "/public/quanto-custa-eletricista-2026.html"
    },
    {
      "source": "/quadros-eletricos-torre-moncorvo",
      "destination": "/public/quadros-eletricos-torre-moncorvo.html"
    },
    {
      "source": "/iluminacao-led-valpacos",
      "destination": "/public/iluminacao-led-valpacos.html"
    },
    {
      "source": "/eletricista-urgente-mesao-frio",
      "destination": "/public/eletricista-urgente-mesao-frio.html"
    },
    {
      "source": "/certificacao-eletrica-macedo",
      "destination": "/public/certificacao-eletrica-macedo.html"
    },
    {
      "source": "/eletricista-urgente-freixo-espada-cinta",
      "destination": "/public/eletricista-urgente-freixo-espada-cinta.html"
    },
    {
      "source": "/certificacao-eletrica-mirandela",
      "destination": "/public/certificacao-eletrica-mirandela.html"
    },
    {
      "source": "/iluminacao-led-chaves",
      "destination": "/public/iluminacao-led-chaves.html"
    },
    {
      "source": "/eletricista-urgente-tabuaco",
      "destination": "/public/eletricista-urgente-tabuaco.html"
    },
    {
      "source": "/eletricista-rio-de-onor",
      "destination": "/public/eletricista-rio-de-onor.html"
    },
    {
      "source": "/eletricista-urgente-vila-pouca-de-aguiar",
      "destination": "/public/eletricista-urgente-vila-pouca-de-aguiar.html"
    },
    {
      "source": "/eletricista-larinho",
      "destination": "/public/eletricista-larinho.html"
    },
    {
      "source": "/eletricista-izeda",
      "destination": "/public/eletricista-izeda.html"
    },
    {
      "source": "/eletricista-vinhas",
      "destination": "/public/eletricista-vinhas.html"
    },
    {
      "source": "/eletricista-urgente-vila-flor",
      "destination": "/public/eletricista-urgente-vila-flor.html"
    },
    {
      "source": "/equipamento-recomendado",
      "destination": "/public/equipamento-recomendado.html"
    },
    {
      "source": "/eletricista-salzedas",
      "destination": "/public/eletricista-salzedas.html"
    },
    {
      "source": "/iluminacao-led-mirandela",
      "destination": "/public/iluminacao-led-mirandela.html"
    },
    {
      "source": "/eletricista-gimonde",
      "destination": "/public/eletricista-gimonde.html"
    },
    {
      "source": "/paineis-solares-vila-real",
      "destination": "/public/paineis-solares-vila-real.html"
    },
    {
      "source": "/politica-privacidade",
      "destination": "/public/politica-privacidade.html"
    },
    {
      "source": "/instalacao-eletrica-miranda-douro",
      "destination": "/public/instalacao-eletrica-miranda-douro.html"
    },
    {
      "source": "/instalacao-eletrica-chaves",
      "destination": "/public/instalacao-eletrica-chaves.html"
    },
    {
      "source": "/eletricista-urgente-moimenta-da-beira",
      "destination": "/public/eletricista-urgente-moimenta-da-beira.html"
    },
    {
      "source": "/aquecimento-eletrico-vinhais",
      "destination": "/public/aquecimento-eletrico-vinhais.html"
    },
    {
      "source": "/instalacao-eletrica-mirandela",
      "destination": "/public/instalacao-eletrica-mirandela.html"
    },
    {
      "source": "/aquecimento-eletrico-mogadouro",
      "destination": "/public/aquecimento-eletrico-mogadouro.html"
    },
    {
      "source": "/eletricista-urgente-mondim-de-basto",
      "destination": "/public/eletricista-urgente-mondim-de-basto.html"
    },
    {
      "source": "/instalacao-eletrica-mogadouro",
      "destination": "/public/instalacao-eletrica-mogadouro.html"
    },
    {
      "source": "/eletricista-vilarandelo",
      "destination": "/public/eletricista-vilarandelo.html"
    },
    {
      "source": "/eletricista-podence",
      "destination": "/public/eletricista-podence.html"
    },
    {
      "source": "/eletricista-sendim",
      "destination": "/public/eletricista-sendim.html"
    },
    {
      "source": "/eletricista-britiande",
      "destination": "/public/eletricista-britiande.html"
    },
    {
      "source": "/eletricista-nozelos",
      "destination": "/public/eletricista-nozelos.html"
    },
    {
      "source": "/aquecimento-eletrico-mirandela",
      "destination": "/public/aquecimento-eletrico-mirandela.html"
    },
    {
      "source": "/aquecimento-eletrico-braganca",
      "destination": "/public/aquecimento-eletrico-braganca.html"
    },
    {
      "source": "/instalacao-eletrica-macedo",
      "destination": "/public/instalacao-eletrica-macedo.html"
    },
    {
      "source": "/aquecimento-eletrico-miranda-douro",
      "destination": "/public/aquecimento-eletrico-miranda-douro.html"
    },
    {
      "source": "/eletricista-vidago",
      "destination": "/public/eletricista-vidago.html"
    },
    {
      "source": "/certificacao-eletrica-vinhais",
      "destination": "/public/certificacao-eletrica-vinhais.html"
    },
    {
      "source": "/eletricista-faiões",
      "destination": "/public/eletricista-faiões.html"
    },
    {
      "source": "/eletricista-urgente-vila-nova-foz-coa",
      "destination": "/public/eletricista-urgente-vila-nova-foz-coa.html"
    },
    {
      "source": "/iluminacao-led-mogadouro",
      "destination": "/public/iluminacao-led-mogadouro.html"
    },
    {
      "source": "/instalacao-eletrica-vinhais",
      "destination": "/public/instalacao-eletrica-vinhais.html"
    },
    {
      "source": "/iluminacao-led-profissional",
      "destination": "/public/iluminacao-led-profissional.html"
    },
    {
      "source": "/iluminacao-led-braganca",
      "destination": "/public/iluminacao-led-braganca.html"
    },
    {
      "source": "/blog/como-verificar-quadro-eletrico",
      "destination": "/public/blog/como-verificar-quadro-eletrico.html"
    },
    {
      "source": "/blog/quanto-custa-mudar-quadro-eletrico",
      "destination": "/public/blog/quanto-custa-mudar-quadro-eletrico.html"
    },
    {
      "source": "/blog/index",
      "destination": "/public/blog/index.html"
    },
    {
      "source": "/blog/como-testar-diferencial-eletrico",
      "destination": "/public/blog/como-testar-diferencial-eletrico.html"
    },
    {
      "source": "/blog/iluminacao-led-vantagens-poupanca",
      "destination": "/public/blog/iluminacao-led-vantagens-poupanca.html"
    },
    {
      "source": "/blog/eletricista-certificado-vs-nao-certificado",
      "destination": "/public/blog/eletricista-certificado-vs-nao-certificado.html"
    },
    {
      "source": "/blog/manutencao-eletrica-primavera-guia",
      "destination": "/public/blog/manutencao-eletrica-primavera-guia.html"
    },
    {
      "source": "/blog/dps-descarregador-sobretensao-guia",
      "destination": "/public/blog/dps-descarregador-sobretensao-guia.html"
    },
    {
      "source": "/blog/como-proteger-casa-trovoada",
      "destination": "/public/blog/como-proteger-casa-trovoada.html"
    },
    {
      "source": "/blog/como-saber-instalacao-eletrica-antiga",
      "destination": "/public/blog/como-saber-instalacao-eletrica-antiga.html"
    },
    {
      "source": "/blog/tomadas-e-interruptores-quando-substituir",
      "destination": "/public/blog/tomadas-e-interruptores-quando-substituir.html"
    },
    {
      "source": "/blog/como-proteger-casa-raios-para-raios",
      "destination": "/public/blog/como-proteger-casa-raios-para-raios.html"
    },
    {
      "source": "/blog/como-escolher-disjuntor-certo",
      "destination": "/public/blog/como-escolher-disjuntor-certo.html"
    },
    {
      "source": "/blog/preparar-instalacao-eletrica-inverno",
      "destination": "/public/blog/preparar-instalacao-eletrica-inverno.html"
    },
    {
      "source": "/blog/como-instalar-candeeiro-teto",
      "destination": "/public/blog/como-instalar-candeeiro-teto.html"
    },
    {
      "source": "/blog/paineis-solares-instalacao-eletrica-guia",
      "destination": "/public/blog/paineis-solares-instalacao-eletrica-guia.html"
    },
    {
      "source": "/blog/eletricista-urgente-24-horas-braganca",
      "destination": "/public/blog/eletricista-urgente-24-horas-braganca.html"
    },
    {
      "source": "/blog/protecao-contra-raios-para-raios",
      "destination": "/public/blog/protecao-contra-raios-para-raios.html"
    },
    {
      "source": "/blog/certificacao-certiel-obrigatoria-quando",
      "destination": "/public/blog/certificacao-certiel-obrigatoria-quando.html"
    },
    {
      "source": "/blog/como-instalar-sensor-movimento",
      "destination": "/public/blog/como-instalar-sensor-movimento.html"
    },
    {
      "source": "/blog/como-poupar-eletricidade-casa",
      "destination": "/public/blog/como-poupar-eletricidade-casa.html"
    },
    {
      "source": "/blog/como-mudar-tomada-eletrica",
      "destination": "/public/blog/como-mudar-tomada-eletrica.html"
    },
    {
      "source": "/blog/como-instalar-interruptor",
      "destination": "/public/blog/como-instalar-interruptor.html"
    }
  ],
  "headers": [
    {
      "source": "/(.*)",
      "headers": [
        {
          "key": "X-Content-Type-Options",
          "value": "nosniff"
        },
        {
          "key": "X-Frame-Options",
          "value": "DENY"
        },
        {
          "key": "X-XSS-Protection",
          "value": "1; mode=block"
        },
        {
          "key": "Referrer-Policy",
          "value": "strict-origin-when-cross-origin"
        },
        {
          "key": "Strict-Transport-Security",
          "value": "max-age=31536000; includeSubDomains; preload"
        },
        {
          "key": "Content-Security-Policy",
          "value": "upgrade-insecure-requests"
        }
      ]
    },
    {
      "source": "/sitemap.xml",
      "headers": [
        {
          "key": "Content-Type",
          "value": "application/xml; charset=utf-8"
        }
      ]
    },
    {
      "source": "/robots.txt",
      "headers": [
        {
          "key": "Content-Type",
          "value": "text/plain; charset=utf-8"
        }
      ]
    },
    {
      "source": "/images-optimized/(.*)",
      "headers": [
        {
          "key": "Cache-Control",
          "value": "public, max-age=31536000, immutable"
        }
      ]
    },
    {
      "source": "/assets/(.*)",
      "headers": [
        {
          "key": "Cache-Control",
          "value": "public, max-age=31536000, immutable"
        }
      ]
    },
    {
      "source": "/(.*\\.js|.*\\.css|.*\\.woff2|.*\\.woff|.*\\.ttf|.*\\.eot|.*\\.svg|.*\\.png|.*\\.jpg|.*\\.jpeg|.*\\.gif|.*\\.ico|.*\\.webp)",
      "headers": [
        {
          "key": "Cache-Control",
          "value": "public, max-age=31536000, immutable"
        }
      ]
    },
    {
      "source": "/(.*\\.html)",
      "headers": [
        {
          "key": "Cache-Control",
          "value": "public, max-age=3600, s-maxage=86400, stale-while-revalidate=86400"
        }
      ]
    }
  ],
  "cleanUrls": true
}